[{"DT":"01","TOTAL":0},{"DT":"02","TOTAL":0},{"DT":"03","TOTAL":0},{"DT":"04","TOTAL":0},{"DT":"05","TOTAL":0},{"DT":"06","TOTAL":0},{"DT":"07","TOTAL":0},{"DT":"08","TOTAL":0},{"DT":"09","TOTAL":0},{"DT":"10","TOTAL":0},{"DT":"11","TOTAL":0},{"DT":"12","TOTAL":0},{"DT":"13","TOTAL":0},{"DT":"14","TOTAL":0},{"DT":"15","TOTAL":0},{"DT":"16","TOTAL":0},{"DT":"17","TOTAL":1},{"DT":"18","TOTAL":1},{"DT":"19","TOTAL":2},{"DT":"20","TOTAL":2},{"DT":"21","TOTAL":1},{"DT":"22","TOTAL":1},{"DT":"23","TOTAL":0},{"DT":"24","TOTAL":0},{"DT":"25","TOTAL":0},{"DT":"26","TOTAL":0},{"DT":"27","TOTAL":0},{"DT":"28","TOTAL":0},{"DT":"29","TOTAL":0},{"DT":"30","TOTAL":0},{"DT":"31","TOTAL":0}]