{
	"data": [
		{
			"title": "월",
			"summary": "이것은 설명이다. 그러하다 ..."
		},
		{
			"title": "주",
			"summary": "이것은 설명이다. 그러하다 ..."
		},
		{
			"title": "일",
			"summary": "이것은 설명이다. 그러하다 ..."
		},
		{
			"title": "내일정",
			"summary": "이것은 설명이다. 그러하다 ..."
		},
		{
			"title": "주변일정",
			"summary": "이것은 설명이다. 그러하다 ..."
		},
		{
			"title": "모임일정",
			"summary": "이것은 설명이다. 그러하다 ..."
		},
		{
			"title": "설정",
			"summary": "이것은 설명이다. 그러하다 ..."
		}
	]
}